1,ahmed,pass1,ahmed hamed,ahmed.h@gmail.com,1
2,mohamed,pass2,mohamed mostafa,mostafa.mohamed111@gmail.com,1
3,abdulrahman,pass3,abdulrahman wael,abdelrahman.wael111@gmail.com,1
4,radwa,pass4,radwa abdulkadir,radwawa@gmail.com,1
200,hani,pass5,hani shakir,haniha1@gmail.com,0
201,tarek,pass300,tarek hanafi,tarek_hanafi111@gmail.com,0
202,fawzy,pass7,fawzy shakir,fawzy.shakir@gmail.com,0
